market,date,timestamp,period,interval,price_type,price_rmb_mwh,source,source_url,retrieved_at,is_simulated,schema_version
shandong,2026-08-01,2026-08-01T00:00:00+08:00,1,15,day_ahead,230.0,VoltPulse Synthetic Benchmark (Duck Curve Simulation),synthetic://shandong-duck-curve-generator,2026-08-01T22:00:00+08:00,True,1.0.0
shandong,2026-08-01,2026-08-01T00:15:00+08:00,2,15,day_ahead,233.92,VoltPulse Synthetic Benchmark (Duck Curve Simulation),synthetic://shandong-duck-curve-generator,2026-08-01T22:00:00+08:00,True,1.0.0
shandong,2026-08-01,2026-08-01T00:30:00+08:00,3,15,day_ahead,237.76,VoltPulse Synthetic Benchmark (Duck Curve Simulation),synthetic://shandong-duck-curve-generator,2026-08-01T22:00:00+08:00,True,1.0.0
shandong,2026-08-01,2026-08-01T00:45:00+08:00,4,15,day_ahead,241.48,VoltPulse Synthetic Benchmark (Duck Curve Simulation),synthetic://shandong-duck-curve-generator,2026-08-01T22:00:00+08:00,True,1.0.0
shandong,2026-08-01,2026-08-01T01:00:00+08:00,5,15,day_ahead,245.0,VoltPulse Synthetic Benchmark (Duck Curve Simulation),synthetic://shandong-duck-curve-generator,2026-08-01T22:00:00+08:00,True,1.0.0
shandong,2026-08-01,2026-08-01T01:15:00+08:00,6,15,day_ahead,248.26,VoltPulse Synthetic Benchmark (Duck Curve Simulation),synthetic://shandong-duck-curve-generator,2026-08-01T22:00:00+08:00,True,1.0.0
shandong,2026-08-01,2026-08-01T01:30:00+08:00,7,15,day_ahead,251.21,VoltPulse Synthetic Benchmark (Duck Curve Simulation),synthetic://shandong-duck-curve-generator,2026-08-01T22:00:00+08:00,True,1.0.0
shandong,2026-08-01,2026-08-01T01:45:00+08:00,8,15,day_ahead,253.8,VoltPulse Synthetic Benchmark (Duck Curve Simulation),synthetic://shandong-duck-curve-generator,2026-08-01T22:00:00+08:00,True,1.0.0
shandong,2026-08-01,2026-08-01T02:00:00+08:00,9,15,day_ahead,255.98,VoltPulse Synthetic Benchmark (Duck Curve Simulation),synthetic://shandong-duck-curve-generator,2026-08-01T22:00:00+08:00,True,1.0.0
shandong,2026-08-01,2026-08-01T02:15:00+08:00,10,15,day_ahead,257.72,VoltPulse Synthetic Benchmark (Duck Curve Simulation),synthetic://shandong-duck-curve-generator,2026-08-01T22:00:00+08:00,True,1.0.0
shandong,2026-08-01,2026-08-01T02:30:00+08:00,11,15,day_ahead,258.98,VoltPulse Synthetic Benchmark (Duck Curve Simulation),synthetic://shandong-duck-curve-generator,2026-08-01T22:00:00+08:00,True,1.0.0
shandong,2026-08-01,2026-08-01T02:45:00+08:00,12,15,day_ahead,259.74,VoltPulse Synthetic Benchmark (Duck Curve Simulation),synthetic://shandong-duck-curve-generator,2026-08-01T22:00:00+08:00,True,1.0.0
shandong,2026-08-01,2026-08-01T03:00:00+08:00,13,15,day_ahead,260.0,VoltPulse Synthetic Benchmark (Duck Curve Simulation),synthetic://shandong-duck-curve-generator,2026-08-01T22:00:00+08:00,True,1.0.0
shandong,2026-08-01,2026-08-01T03:15:00+08:00,14,15,day_ahead,259.74,VoltPulse Synthetic Benchmark (Duck Curve Simulation),synthetic://shandong-duck-curve-generator,2026-08-01T22:00:00+08:00,True,1.0.0
shandong,2026-08-01,2026-08-01T03:30:00+08:00,15,15,day_ahead,258.98,VoltPulse Synthetic Benchmark (Duck Curve Simulation),synthetic://shandong-duck-curve-generator,2026-08-01T22:00:00+08:00,True,1.0.0
shandong,2026-08-01,2026-08-01T03:45:00+08:00,16,15,day_ahead,257.72,VoltPulse Synthetic Benchmark (Duck Curve Simulation),synthetic://shandong-duck-curve-generator,2026-08-01T22:00:00+08:00,True,1.0.0
shandong,2026-08-01,2026-08-01T04:00:00+08:00,17,15,day_ahead,255.98,VoltPulse Synthetic Benchmark (Duck Curve Simulation),synthetic://shandong-duck-curve-generator,2026-08-01T22:00:00+08:00,True,1.0.0
shandong,2026-08-01,2026-08-01T04:15:00+08:00,18,15,day_ahead,253.8,VoltPulse Synthetic Benchmark (Duck Curve Simulation),synthetic://shandong-duck-curve-generator,2026-08-01T22:00:00+08:00,True,1.0.0
shandong,2026-08-01,2026-08-01T04:30:00+08:00,19,15,day_ahead,251.21,VoltPulse Synthetic Benchmark (Duck Curve Simulation),synthetic://shandong-duck-curve-generator,2026-08-01T22:00:00+08:00,True,1.0.0
shandong,2026-08-01,2026-08-01T04:45:00+08:00,20,15,day_ahead,248.26,VoltPulse Synthetic Benchmark (Duck Curve Simulation),synthetic://shandong-duck-curve-generator,2026-08-01T22:00:00+08:00,True,1.0.0
shandong,2026-08-01,2026-08-01T05:00:00+08:00,21,15,day_ahead,245.0,VoltPulse Synthetic Benchmark (Duck Curve Simulation),synthetic://shandong-duck-curve-generator,2026-08-01T22:00:00+08:00,True,1.0.0
shandong,2026-08-01,2026-08-01T05:15:00+08:00,22,15,day_ahead,241.48,VoltPulse Synthetic Benchmark (Duck Curve Simulation),synthetic://shandong-duck-curve-generator,2026-08-01T22:00:00+08:00,True,1.0.0
shandong,2026-08-01,2026-08-01T05:30:00+08:00,23,15,day_ahead,237.76,VoltPulse Synthetic Benchmark (Duck Curve Simulation),synthetic://shandong-duck-curve-generator,2026-08-01T22:00:00+08:00,True,1.0.0
shandong,2026-08-01,2026-08-01T05:45:00+08:00,24,15,day_ahead,233.92,VoltPulse Synthetic Benchmark (Duck Curve Simulation),synthetic://shandong-duck-curve-generator,2026-08-01T22:00:00+08:00,True,1.0.0
shandong,2026-08-01,2026-08-01T06:00:00+08:00,25,15,day_ahead,230.0,VoltPulse Synthetic Benchmark (Duck Curve Simulation),synthetic://shandong-duck-curve-generator,2026-08-01T22:00:00+08:00,True,1.0.0
shandong,2026-08-01,2026-08-01T06:15:00+08:00,26,15,day_ahead,226.08,VoltPulse Synthetic Benchmark (Duck Curve Simulation),synthetic://shandong-duck-curve-generator,2026-08-01T22:00:00+08:00,True,1.0.0
shandong,2026-08-01,2026-08-01T06:30:00+08:00,27,15,day_ahead,280.0,VoltPulse Synthetic Benchmark (Duck Curve Simulation),synthetic://shandong-duck-curve-generator,2026-08-01T22:00:00+08:00,True,1.0.0
shandong,2026-08-01,2026-08-01T06:45:00+08:00,28,15,day_ahead,331.76,VoltPulse Synthetic Benchmark (Duck Curve Simulation),synthetic://shandong-duck-curve-generator,2026-08-01T22:00:00+08:00,True,1.0.0
shandong,2026-08-01,2026-08-01T07:00:00+08:00,29,15,day_ahead,380.0,VoltPulse Synthetic Benchmark (Duck Curve Simulation),synthetic://shandong-duck-curve-generator,2026-08-01T22:00:00+08:00,True,1.0.0
shandong,2026-08-01,2026-08-01T07:15:00+08:00,30,15,day_ahead,421.42,VoltPulse Synthetic Benchmark (Duck Curve Simulation),synthetic://shandong-duck-curve-generator,2026-08-01T22:00:00+08:00,True,1.0.0
shandong,2026-08-01,2026-08-01T07:30:00+08:00,31,15,day_ahead,453.21,VoltPulse Synthetic Benchmark (Duck Curve Simulation),synthetic://shandong-duck-curve-generator,2026-08-01T22:00:00+08:00,True,1.0.0
shandong,2026-08-01,2026-08-01T07:45:00+08:00,32,15,day_ahead,473.19,VoltPulse Synthetic Benchmark (Duck Curve Simulation),synthetic://shandong-duck-curve-generator,2026-08-01T22:00:00+08:00,True,1.0.0
shandong,2026-08-01,2026-08-01T08:00:00+08:00,33,15,day_ahead,480.0,VoltPulse Synthetic Benchmark (Duck Curve Simulation),synthetic://shandong-duck-curve-generator,2026-08-01T22:00:00+08:00,True,1.0.0
shandong,2026-08-01,2026-08-01T08:15:00+08:00,34,15,day_ahead,473.19,VoltPulse Synthetic Benchmark (Duck Curve Simulation),synthetic://shandong-duck-curve-generator,2026-08-01T22:00:00+08:00,True,1.0.0
shandong,2026-08-01,2026-08-01T08:30:00+08:00,35,15,day_ahead,453.21,VoltPulse Synthetic Benchmark (Duck Curve Simulation),synthetic://shandong-duck-curve-generator,2026-08-01T22:00:00+08:00,True,1.0.0
shandong,2026-08-01,2026-08-01T08:45:00+08:00,36,15,day_ahead,421.42,VoltPulse Synthetic Benchmark (Duck Curve Simulation),synthetic://shandong-duck-curve-generator,2026-08-01T22:00:00+08:00,True,1.0.0
shandong,2026-08-01,2026-08-01T09:00:00+08:00,37,15,day_ahead,380.0,VoltPulse Synthetic Benchmark (Duck Curve Simulation),synthetic://shandong-duck-curve-generator,2026-08-01T22:00:00+08:00,True,1.0.0
shandong,2026-08-01,2026-08-01T09:15:00+08:00,38,15,day_ahead,331.76,VoltPulse Synthetic Benchmark (Duck Curve Simulation),synthetic://shandong-duck-curve-generator,2026-08-01T22:00:00+08:00,True,1.0.0
shandong,2026-08-01,2026-08-01T09:30:00+08:00,39,15,day_ahead,220.0,VoltPulse Synthetic Benchmark (Duck Curve Simulation),synthetic://shandong-duck-curve-generator,2026-08-01T22:00:00+08:00,True,1.0.0
shandong,2026-08-01,2026-08-01T09:45:00+08:00,40,15,day_ahead,202.87,VoltPulse Synthetic Benchmark (Duck Curve Simulation),synthetic://shandong-duck-curve-generator,2026-08-01T22:00:00+08:00,True,1.0.0
shandong,2026-08-01,2026-08-01T10:00:00+08:00,41,15,day_ahead,186.5,VoltPulse Synthetic Benchmark (Duck Curve Simulation),synthetic://shandong-duck-curve-generator,2026-08-01T22:00:00+08:00,True,1.0.0
shandong,2026-08-01,2026-08-01T10:15:00+08:00,42,15,day_ahead,170.93,VoltPulse Synthetic Benchmark (Duck Curve Simulation),synthetic://shandong-duck-curve-generator,2026-08-01T22:00:00+08:00,True,1.0.0
shandong,2026-08-01,2026-08-01T10:30:00+08:00,43,15,day_ahead,156.21,VoltPulse Synthetic Benchmark (Duck Curve Simulation),synthetic://shandong-duck-curve-generator,2026-08-01T22:00:00+08:00,True,1.0.0
shandong,2026-08-01,2026-08-01T10:45:00+08:00,44,15,day_ahead,142.37,VoltPulse Synthetic Benchmark (Duck Curve Simulation),synthetic://shandong-duck-curve-generator,2026-08-01T22:00:00+08:00,True,1.0.0
shandong,2026-08-01,2026-08-01T11:00:00+08:00,45,15,day_ahead,129.5,VoltPulse Synthetic Benchmark (Duck Curve Simulation),synthetic://shandong-duck-curve-generator,2026-08-01T22:00:00+08:00,True,1.0.0
shandong,2026-08-01,2026-08-01T11:15:00+08:00,46,15,day_ahead,117.65,VoltPulse Synthetic Benchmark (Duck Curve Simulation),synthetic://shandong-duck-curve-generator,2026-08-01T22:00:00+08:00,True,1.0.0
shandong,2026-08-01,2026-08-01T11:30:00+08:00,47,15,day_ahead,106.94,VoltPulse Synthetic Benchmark (Duck Curve Simulation),synthetic://shandong-duck-curve-generator,2026-08-01T22:00:00+08:00,True,1.0.0
shandong,2026-08-01,2026-08-01T11:45:00+08:00,48,15,day_ahead,97.5,VoltPulse Synthetic Benchmark (Duck Curve Simulation),synthetic://shandong-duck-curve-generator,2026-08-01T22:00:00+08:00,True,1.0.0
shandong,2026-08-01,2026-08-01T12:00:00+08:00,49,15,day_ahead,89.53,VoltPulse Synthetic Benchmark (Duck Curve Simulation),synthetic://shandong-duck-curve-generator,2026-08-01T22:00:00+08:00,True,1.0.0
shandong,2026-08-01,2026-08-01T12:15:00+08:00,50,15,day_ahead,83.37,VoltPulse Synthetic Benchmark (Duck Curve Simulation),synthetic://shandong-duck-curve-generator,2026-08-01T22:00:00+08:00,True,1.0.0
shandong,2026-08-01,2026-08-01T12:30:00+08:00,51,15,day_ahead,80.0,VoltPulse Synthetic Benchmark (Duck Curve Simulation),synthetic://shandong-duck-curve-generator,2026-08-01T22:00:00+08:00,True,1.0.0
shandong,2026-08-01,2026-08-01T12:45:00+08:00,52,15,day_ahead,83.37,VoltPulse Synthetic Benchmark (Duck Curve Simulation),synthetic://shandong-duck-curve-generator,2026-08-01T22:00:00+08:00,True,1.0.0
shandong,2026-08-01,2026-08-01T13:00:00+08:00,53,15,day_ahead,89.53,VoltPulse Synthetic Benchmark (Duck Curve Simulation),synthetic://shandong-duck-curve-generator,2026-08-01T22:00:00+08:00,True,1.0.0
shandong,2026-08-01,2026-08-01T13:15:00+08:00,54,15,day_ahead,97.5,VoltPulse Synthetic Benchmark (Duck Curve Simulation),synthetic://shandong-duck-curve-generator,2026-08-01T22:00:00+08:00,True,1.0.0
shandong,2026-08-01,2026-08-01T13:30:00+08:00,55,15,day_ahead,106.94,VoltPulse Synthetic Benchmark (Duck Curve Simulation),synthetic://shandong-duck-curve-generator,2026-08-01T22:00:00+08:00,True,1.0.0
shandong,2026-08-01,2026-08-01T13:45:00+08:00,56,15,day_ahead,117.65,VoltPulse Synthetic Benchmark (Duck Curve Simulation),synthetic://shandong-duck-curve-generator,2026-08-01T22:00:00+08:00,True,1.0.0
shandong,2026-08-01,2026-08-01T14:00:00+08:00,57,15,day_ahead,129.5,VoltPulse Synthetic Benchmark (Duck Curve Simulation),synthetic://shandong-duck-curve-generator,2026-08-01T22:00:00+08:00,True,1.0.0
shandong,2026-08-01,2026-08-01T14:15:00+08:00,58,15,day_ahead,142.37,VoltPulse Synthetic Benchmark (Duck Curve Simulation),synthetic://shandong-duck-curve-generator,2026-08-01T22:00:00+08:00,True,1.0.0
shandong,2026-08-01,2026-08-01T14:30:00+08:00,59,15,day_ahead,156.21,VoltPulse Synthetic Benchmark (Duck Curve Simulation),synthetic://shandong-duck-curve-generator,2026-08-01T22:00:00+08:00,True,1.0.0
shandong,2026-08-01,2026-08-01T14:45:00+08:00,60,15,day_ahead,170.93,VoltPulse Synthetic Benchmark (Duck Curve Simulation),synthetic://shandong-duck-curve-generator,2026-08-01T22:00:00+08:00,True,1.0.0
shandong,2026-08-01,2026-08-01T15:00:00+08:00,61,15,day_ahead,186.5,VoltPulse Synthetic Benchmark (Duck Curve Simulation),synthetic://shandong-duck-curve-generator,2026-08-01T22:00:00+08:00,True,1.0.0
shandong,2026-08-01,2026-08-01T15:15:00+08:00,62,15,day_ahead,202.87,VoltPulse Synthetic Benchmark (Duck Curve Simulation),synthetic://shandong-duck-curve-generator,2026-08-01T22:00:00+08:00,True,1.0.0
shandong,2026-08-01,2026-08-01T15:30:00+08:00,63,15,day_ahead,220.0,VoltPulse Synthetic Benchmark (Duck Curve Simulation),synthetic://shandong-duck-curve-generator,2026-08-01T22:00:00+08:00,True,1.0.0
shandong,2026-08-01,2026-08-01T15:45:00+08:00,64,15,day_ahead,237.86,VoltPulse Synthetic Benchmark (Duck Curve Simulation),synthetic://shandong-duck-curve-generator,2026-08-01T22:00:00+08:00,True,1.0.0
shandong,2026-08-01,2026-08-01T16:00:00+08:00,65,15,day_ahead,180.0,VoltPulse Synthetic Benchmark (Duck Curve Simulation),synthetic://shandong-duck-curve-generator,2026-08-01T22:00:00+08:00,True,1.0.0
shandong,2026-08-01,2026-08-01T16:15:00+08:00,66,15,day_ahead,221.67,VoltPulse Synthetic Benchmark (Duck Curve Simulation),synthetic://shandong-duck-curve-generator,2026-08-01T22:00:00+08:00,True,1.0.0
shandong,2026-08-01,2026-08-01T16:30:00+08:00,67,15,day_ahead,263.33,VoltPulse Synthetic Benchmark (Duck Curve Simulation),synthetic://shandong-duck-curve-generator,2026-08-01T22:00:00+08:00,True,1.0.0
shandong,2026-08-01,2026-08-01T16:45:00+08:00,68,15,day_ahead,305.0,VoltPulse Synthetic Benchmark (Duck Curve Simulation),synthetic://shandong-duck-curve-generator,2026-08-01T22:00:00+08:00,True,1.0.0
shandong,2026-08-01,2026-08-01T17:00:00+08:00,69,15,day_ahead,346.67,VoltPulse Synthetic Benchmark (Duck Curve Simulation),synthetic://shandong-duck-curve-generator,2026-08-01T22:00:00+08:00,True,1.0.0
shandong,2026-08-01,2026-08-01T17:15:00+08:00,70,15,day_ahead,388.33,VoltPulse Synthetic Benchmark (Duck Curve Simulation),synthetic://shandong-duck-curve-generator,2026-08-01T22:00:00+08:00,True,1.0.0
shandong,2026-08-01,2026-08-01T17:30:00+08:00,71,15,day_ahead,500.0,VoltPulse Synthetic Benchmark (Duck Curve Simulation),synthetic://shandong-duck-curve-generator,2026-08-01T22:00:00+08:00,True,1.0.0
shandong,2026-08-01,2026-08-01T17:45:00+08:00,72,15,day_ahead,562.43,VoltPulse Synthetic Benchmark (Duck Curve Simulation),synthetic://shandong-duck-curve-generator,2026-08-01T22:00:00+08:00,True,1.0.0
shandong,2026-08-01,2026-08-01T18:00:00+08:00,73,15,day_ahead,622.46,VoltPulse Synthetic Benchmark (Duck Curve Simulation),synthetic://shandong-duck-curve-generator,2026-08-01T22:00:00+08:00,True,1.0.0
shandong,2026-08-01,2026-08-01T18:15:00+08:00,74,15,day_ahead,677.78,VoltPulse Synthetic Benchmark (Duck Curve Simulation),synthetic://shandong-duck-curve-generator,2026-08-01T22:00:00+08:00,True,1.0.0
shandong,2026-08-01,2026-08-01T18:30:00+08:00,75,15,day_ahead,726.27,VoltPulse Synthetic Benchmark (Duck Curve Simulation),synthetic://shandong-duck-curve-generator,2026-08-01T22:00:00+08:00,True,1.0.0
shandong,2026-08-01,2026-08-01T18:45:00+08:00,76,15,day_ahead,766.07,VoltPulse Synthetic Benchmark (Duck Curve Simulation),synthetic://shandong-duck-curve-generator,2026-08-01T22:00:00+08:00,True,1.0.0
shandong,2026-08-01,2026-08-01T19:00:00+08:00,77,15,day_ahead,795.64,VoltPulse Synthetic Benchmark (Duck Curve Simulation),synthetic://shandong-duck-curve-generator,2026-08-01T22:00:00+08:00,True,1.0.0
shandong,2026-08-01,2026-08-01T19:15:00+08:00,78,15,day_ahead,813.85,VoltPulse Synthetic Benchmark (Duck Curve Simulation),synthetic://shandong-duck-curve-generator,2026-08-01T22:00:00+08:00,True,1.0.0
shandong,2026-08-01,2026-08-01T19:30:00+08:00,79,15,day_ahead,820.0,VoltPulse Synthetic Benchmark (Duck Curve Simulation),synthetic://shandong-duck-curve-generator,2026-08-01T22:00:00+08:00,True,1.0.0
shandong,2026-08-01,2026-08-01T19:45:00+08:00,80,15,day_ahead,813.85,VoltPulse Synthetic Benchmark (Duck Curve Simulation),synthetic://shandong-duck-curve-generator,2026-08-01T22:00:00+08:00,True,1.0.0
shandong,2026-08-01,2026-08-01T20:00:00+08:00,81,15,day_ahead,795.64,VoltPulse Synthetic Benchmark (Duck Curve Simulation),synthetic://shandong-duck-curve-generator,2026-08-01T22:00:00+08:00,True,1.0.0
shandong,2026-08-01,2026-08-01T20:15:00+08:00,82,15,day_ahead,766.07,VoltPulse Synthetic Benchmark (Duck Curve Simulation),synthetic://shandong-duck-curve-generator,2026-08-01T22:00:00+08:00,True,1.0.0
shandong,2026-08-01,2026-08-01T20:30:00+08:00,83,15,day_ahead,726.27,VoltPulse Synthetic Benchmark (Duck Curve Simulation),synthetic://shandong-duck-curve-generator,2026-08-01T22:00:00+08:00,True,1.0.0
shandong,2026-08-01,2026-08-01T20:45:00+08:00,84,15,day_ahead,677.78,VoltPulse Synthetic Benchmark (Duck Curve Simulation),synthetic://shandong-duck-curve-generator,2026-08-01T22:00:00+08:00,True,1.0.0
shandong,2026-08-01,2026-08-01T21:00:00+08:00,85,15,day_ahead,622.46,VoltPulse Synthetic Benchmark (Duck Curve Simulation),synthetic://shandong-duck-curve-generator,2026-08-01T22:00:00+08:00,True,1.0.0
shandong,2026-08-01,2026-08-01T21:15:00+08:00,86,15,day_ahead,562.43,VoltPulse Synthetic Benchmark (Duck Curve Simulation),synthetic://shandong-duck-curve-generator,2026-08-01T22:00:00+08:00,True,1.0.0
shandong,2026-08-01,2026-08-01T21:30:00+08:00,87,15,day_ahead,500.0,VoltPulse Synthetic Benchmark (Duck Curve Simulation),synthetic://shandong-duck-curve-generator,2026-08-01T22:00:00+08:00,True,1.0.0
shandong,2026-08-01,2026-08-01T21:45:00+08:00,88,15,day_ahead,476.0,VoltPulse Synthetic Benchmark (Duck Curve Simulation),synthetic://shandong-duck-curve-generator,2026-08-01T22:00:00+08:00,True,1.0.0
shandong,2026-08-01,2026-08-01T22:00:00+08:00,89,15,day_ahead,452.0,VoltPulse Synthetic Benchmark (Duck Curve Simulation),synthetic://shandong-duck-curve-generator,2026-08-01T22:00:00+08:00,True,1.0.0
shandong,2026-08-01,2026-08-01T22:15:00+08:00,90,15,day_ahead,428.0,VoltPulse Synthetic Benchmark (Duck Curve Simulation),synthetic://shandong-duck-curve-generator,2026-08-01T22:00:00+08:00,True,1.0.0
shandong,2026-08-01,2026-08-01T22:30:00+08:00,91,15,day_ahead,404.0,VoltPulse Synthetic Benchmark (Duck Curve Simulation),synthetic://shandong-duck-curve-generator,2026-08-01T22:00:00+08:00,True,1.0.0
shandong,2026-08-01,2026-08-01T22:45:00+08:00,92,15,day_ahead,380.0,VoltPulse Synthetic Benchmark (Duck Curve Simulation),synthetic://shandong-duck-curve-generator,2026-08-01T22:00:00+08:00,True,1.0.0
shandong,2026-08-01,2026-08-01T23:00:00+08:00,93,15,day_ahead,356.0,VoltPulse Synthetic Benchmark (Duck Curve Simulation),synthetic://shandong-duck-curve-generator,2026-08-01T22:00:00+08:00,True,1.0.0
shandong,2026-08-01,2026-08-01T23:15:00+08:00,94,15,day_ahead,332.0,VoltPulse Synthetic Benchmark (Duck Curve Simulation),synthetic://shandong-duck-curve-generator,2026-08-01T22:00:00+08:00,True,1.0.0
shandong,2026-08-01,2026-08-01T23:30:00+08:00,95,15,day_ahead,308.0,VoltPulse Synthetic Benchmark (Duck Curve Simulation),synthetic://shandong-duck-curve-generator,2026-08-01T22:00:00+08:00,True,1.0.0
shandong,2026-08-01,2026-08-01T23:45:00+08:00,96,15,day_ahead,284.0,VoltPulse Synthetic Benchmark (Duck Curve Simulation),synthetic://shandong-duck-curve-generator,2026-08-01T22:00:00+08:00,True,1.0.0
